´úÂë,ÊýÁ¿
10009345.SH,-10
10009346.SH,-10
10009347.SH,-10
10009348.SH,-10
10009352.SH,-10
10009353.SH,-10
10009363.SH,-10
10009364.SH,-10
10009371.SH,-10
10009372.SH,-10
90005632.SZ,-10
90005633.SZ,-10
90005634.SZ,-10
90005638.SZ,-10
90005639.SZ,-10
90005640.SZ,-10
MO2507-C-6100.CFE,-10
MO2507-C-6200.CFE,-10
MO2507-C-6300.CFE,-10
MO2507-C-6400.CFE,-10
MO2507-P-5700.CFE,-10
MO2507-P-5800.CFE,-10
SC2508C490.INE,-10
SC2508C495.INE,-10
SC2508P450.INE,-10
SC2508P455.INE,-10
I2509-C-770.DCE,-10
I2509-C-780.DCE,-10
I2509-P-690.DCE,-10
I2509-P-700.DCE,-10
SA509C1280.CZC,-10
SA509C1300.CZC,-10
SA509P1040.CZC,-10
SA509P1060.CZC,-10
SI2508-C-8000.GFE,-10
SI2508-C-8100.GFE,-10
SI2508-P-6600.GFE,-10
SI2508-P-6700.GFE,-10
AU2508C832.SHF,-10
AU2508C840.SHF,-10
AU2508P696.SHF,-10
AU2508P704.SHF,-10
M2509-C-3150.DCE,-10
M2509-C-3200.DCE,-10
M2509-P-2700.DCE,-10
M2509-P-2750.DCE,-10
